HorizonDay,DailyVolForecast,AnnualizedVolForecast
1,0.015679,0.248903
2,0.015376,0.24408
3,0.015088,0.239519
4,0.014817,0.235207
5,0.01456,0.231134
6,0.014318,0.22729
7,0.014089,0.223663
8,0.013874,0.220245
9,0.013671,0.217024
10,0.01348,0.213993
11,0.013301,0.211141
12,0.013132,0.20846
13,0.012973,0.205941
14,0.012824,0.203575
15,0.012684,0.201355
16,0.012553,0.199273
17,0.01243,0.197322
18,0.012315,0.195494
19,0.012207,0.193782
20,0.012106,0.19218
