Year,ZeroRate,DiscountFactor,ForwardRate
1,0.042,0.959693,0.042
2,0.0415,0.921895,0.041
3,0.041,0.886437,0.040001
4,0.0415,0.84989,0.043001
5,0.042,0.814069,0.044002
